"height.in.","NumTasselBranches","TasselBranchAngle.deg.","gpm705a","AY107629","ufg32","mmp68","gpm838a","AY110240","umc2145","ufg13b","gpm850c","bnlg2295","gpm29","umc67a","umc58","tb1","npi407","umc257","npi241a","gpm180b","IDP4006","umc61","IDP2468","IDP488","gpm769","gpm360a","IDP176","gpm123","IDP2443","hac101a","IDP1698","IDP3883","IDP2414","gpm789a","gpm664","gpm239a","cdo118","gpm34a","IDP798","IDP3907","gpm34i","bnlg1126","IDP240","gpm571","bnl7.65","AY110631","AY105971","gpm350b","gpm566b","gpm434b","bnl8.33","gpm449a","IDP321","lim407","bcd808d","bnl4.36","AY110182","phi10017","IDP1627","IDP224","gpm585","gpm750b","gpm858a","gpm728a","gpm239b","mmp81","gpm281b","mmp75","IDP353","IDP2411","ufg65","cdo412b","mmp177c","mmp46","gpm694a","tif1","umc1407","php20020","csu332","gpm889","IDP327","mmp72","umc2147","IDP3876","IDP2584","IDP844","umc2336","umc1191","sbp4","gpm815b","php20554","bnl5.09a","umc1982","umc1380","isu85b","bnlg210","gpm257d","IDP1446","IDP3973","IDP1615","gpm714b","gpm31b"
"","","","1","1","1","1","1","1","1","1","1","1","1","1","1","1","1","1","1","2","2","2","2","2","2","2","2","2","3","3","3","3","3","3","3","3","3","3","3","3","3","4","4","4","4","4","4","4","4","5","5","5","5","5","5","5","5","5","6","6","6","6","6","6","6","7","7","7","7","7","7","7","7","7","7","7","7","7","8","8","8","8","8","8","8","9","9","9","9","9","9","9","9","10","10","10","10","10","10","10","10","10"
"","","","0.84","54.63","72.82","121.93","228.09","280.7","317.35","367.56","395.95","396.56","479.54","494.99","574.31","881.15","915.2","961.7","1024.2","1164.48","1287.92","1334.32","1479.72","1486.88","1519.57","1565.48","1702.94","1713.89","2080.43","2146.63","2177.2","2196.77","2197.1","2221.06","2432.17","2476.78","2481.92","2677.11","2679.01","2683.36","2716.78","2895.31","3055.05","3061.69","3224.87","3270.07","3296.38","3445.42","3509.24","3537.7","3561.8","3586.62","3587.95","3600.11","3667.01","3816.65","4158.68","4184.48","4299","4321.2","4349.99","4475.52","4476.16","4692.88","4709.93","4873.52","4878.64","4910.23","4925.51","5009.34","5035.74","5040.44","5069.76","5074.67","5107.47","5154.39","5355.29","5366.99","5485.15","5519.05","5560.83","5594.13","5597.13","5715.63","5772.32","6069.5","6170.72","6277.88","6311.09","6355.33","6383.23","6545.25","6678.37","6706.6","6834.81","6873.43","6888.91","6922.16","6932.37","6954.18","7025.12","7076.76"
"87",NA,NA,"B","-","B","B","A","B","B","B","B","B","B","B","A","A","B","A","-","A","B","-","A","A","B","A","B","B","B","A","A","A","A","B","B","B","B","B","B","B","-","B","A","A","-","B","A","A","A","A","B","B","B","B","B","B","A","B","A","A","A","B","B","B","B","B","B","A","A","A","A","A","A","A","A","A","B","-","A","B","B","-","B","B","B","B","A","B","A","B","-","-","B","A","A","B","B","B","B","A","A","B"
"73","5","21","B","A","A","B","B","A","-","A","A","A","A","-","A","-","B","B","B","A","B","A","A","A","A","A","B","B","B","B","B","B","B","B","A","A","A","B","B","B","-","-","B","B","B","B","B","A","B","A","A","B","B","B","B","A","A","A","B","B","B","A","A","A","A","A","A","A","A","A","A","A","A","A","A","A","A","A","A","A","A","A","A","B","A","B","B","B","B","A","A","A","B","A","B","A","A","A","A","A","A","A"
"67","3","3","B","A","B","A","A","A","A","A","A","B","A","A","A","A","B","A","-","B","B","-","B","B","B","B","A","A","A","B","B","A","A","A","A","B","B","A","A","A","A","B","B","B","-","A","A","A","B","B","B","A","A","A","A","B","A","A","B","B","B","B","B","A","A","A","A","A","A","B","B","-","A","A","A","B","B","B","B","A","A","-","A","B","B","B","A","A","A","A","-","-","A","A","B","B","B","B","B","B","B","A"
"84","6","11","A","B","B","A","A","A","B","-","B","B","B","-","-","B","B","B","B","-","B","B","A","A","A","A","B","B","B","B","A","A","A","A","A","A","A","-","A","A","-","A","A","A","B","B","B","A","A","A","A","A","A","B","A","A","A","-","A","A","A","-","A","-","B","B","B","B","B","A","B","A","A","A","A","A","A","-","B","B","B","B","B","A","B","A","B","B","B","-","B","A","B","B","A","A","-","A","A","A","-","-"
"65","4","10","A","A","-","B","A","A","A","A","A","A","A","-","A","B","B","B","B","-","A","A","A","A","A","A","A","B","B","B","B","B","B","B","-","B","B","A","A","A","A","B","A","A","B","B","B","B","B","A","A","A","A","A","B","B","B","B","A","A","A","B","B","B","A","A","A","A","A","A","A","A","B","B","B","B","A","A","A","A","A","B","B","B","B","A","B","B","B","B","B","B","B","A","B","A","A","A","A","A","A","A"
"25","2","14","A","A","A","A","A","A","A","A","A","A","A","A","B","B","B","B","-","A","A","-","A","A","A","A","B","B","B","B","A","A","A","A","B","B","A","B","B","B","-","A","A","A","-","B","B","B","A","A","A","B","B","B","A","B","B","B","B","B","B","B","B","B","B","A","A","A","A","A","A","A","A","A","A","B","B","B","A","B","B","-","B","B","B","B","A","B","A","-","-","-","A","A","A","B","B","B","B","B","B","B"
"62","7","14","A","A","B","-","A","A","-","-","A","A","A","-","A","B","-","A","B","B","A","B","B","B","B","B","B","B","A","-","A","A","A","A","B","B","B","-","B","A","A","A","A","A","A","-","-","B","B","B","B","A","A","A","B","-","-","B","B","B","B","A","B","A","B","A","A","A","A","B","A","B","A","-","B","A","B","A","A","B","B","B","B","B","B","B","B","B","A","B","B","B","B","A","A","A","A","A","A","A","A","B"
"61","6","7","B","A","B","B","B","A","A","A","A","A","A","A","-","A","B","B","B","A","B","B","A","A","B","A","A","A","A","-","A","A","A","B","B","B","B","B","B","B","B","B","B","B","A","A","A","B","B","A","A","A","A","B","B","B","A","B","B","B","B","B","B","A","A","B","B","B","B","B","A","A","A","A","A","A","-","A","A","A","B","B","-","B","B","B","A","A","A","A","A","B","A","B","A","A","A","A","A","A","A","A"
"75","4","14","B","B","A","B","B","A","-","A","A","A","A","-","B","B","B","B","-","A","A","-","A","A","A","A","A","A","B","B","B","B","B","A","A","B","B","A","A","A","A","B","B","B","B","A","B","A","B","B","B","B","B","B","B","B","B","-","A","A","A","B","B","B","B","B","B","A","A","B","B","B","A","A","A","A","B","A","B","A","A","A","A","B","B","A","A","B","B","A","-","-","B","A","A","A","A","A","A","A","A","A"
"53","4","26","B","B","B","B","B","A","A","B","-","B","A","-","B","A","A","A","B","-","B","B","A","A","A","A","B","B","B","B","B","B","B","B","B","B","B","B","B","B","-","-","A","A","B","B","B","A","-","A","B","B","B","B","B","A","A","B","B","B","B","A","A","A","A","A","A","A","A","A","A","A","B","B","A","A","B","B","B","A","A","A","A","B","A","B","B","B","B","B","B","B","A","-","A","B","B","A","A","A","A","B"
"51","3","10","B","B","B","-","A","B","B","B","A","A","A","A","-","-","B","A","B","B","B","A","B","B","B","A","A","A","B","B","B","B","B","A","A","A","A","B","A","A","B","B","A","A","A","A","A","B","A","B","B","B","B","B","A","B","A","-","A","A","A","B","B","B","B","B","B","B","A","B","B","B","B","B","B","B","A","A","A","A","B","B","B","B","A","A","A","A","-","B","B","B","B","B","B","B","B","B","B","B","B","B"
"65","4","14","B","A","B","B","A","A","A","A","A","A","A","A","A","A","A","-","B","A","B","B","B","B","A","A","B","B","B","B","B","B","B","B","A","B","B","A","A","A","A","B","B","B","A","-","A","A","B","B","B","A","A","B","B","B","B","B","A","A","A","B","B","A","A","-","A","-","A","A","B","B","B","B","A","A","B","B","A","B","B","-","B","B","B","B","A","A","A","B","B","A","A","B","B","A","A","A","A","A","A","A"
"34","3","7","-","B","B","A","-","B","A","A","-","-","-","A","A","B","B","B","B","-","A","A","A","A","-","-","A","-","B","B","B","B","B","-","-","-","B","-","A","A","-","-","B","-","B","B","B","-","-","-","A","-","A","A","B","-","A","A","A","A","-","-","-","-","-","B","-","B","B","A","A","A","A","A","-","A","B","B","B","-","B","A","A","A","A","B","A","B","A","-","A","A","B","A","A","A","-","A","A","A","-","-"
"49","3","5","A","A","A","A","A","A","B","B","A","A","B","B","A","B","A","B","-","B","A","-","A","A","B","B","A","A","A","A","A","A","A","A","A","A","A","A","A","A","A","B","A","A","-","A","A","B","B","A","A","A","A","A","A","B","B","B","B","B","B","B","B","A","A","B","B","B","B","A","A","A","A","B","B","B","A","A","A","B","B","-","A","B","A","B","B","A","B","B","-","-","A","A","A","A","A","A","A","A","A","B"
"63","3","18","B","A","A","B","B","A","-","A","A","A","A","-","A","-","B","B","B","A","B","A","A","A","A","A","B","B","B","B","B","B","B","B","A","A","A","B","B","B","-","-","B","B","B","B","B","A","B","A","A","B","B","B","B","A","A","A","B","B","B","A","A","A","A","A","A","A","A","A","A","A","A","A","A","A","A","A","A","A","A","A","A","B","A","B","B","B","B","A","A","A","B","A","B","A","A","A","A","A","A","A"
"42","5","5","B","B","-","B","A","B","B","A","A","A","A","A","B","B","A","A","B","-","B","B","A","A","A","A","B","B","A","B","A","A","A","A","B","B","-","A","A","A","A","B","B","B","A","A","B","B","A","A","A","B","B","B","A","A","A","B","A","A","A","B","B","A","A","B","A","A","B","A","A","A","B","B","B","B","A","A","B","A","B","A","A","A","B","A","A","A","B","A","A","A","B","B","A","A","A","A","A","A","A","A"
"69","3","13","A","A","A","A","A","A","B","B","A","A","B","B","A","B","A","B","-","B","A","-","A","A","B","B","A","A","A","A","A","A","A","A","A","A","A","A","A","A","A","B","A","A","-","A","A","B","B","A","A","A","A","A","A","B","B","B","B","B","B","B","B","A","A","B","B","B","B","A","A","A","A","B","B","B","A","A","A","B","B","-","A","B","A","B","B","A","B","B","-","-","A","A","A","A","A","A","A","A","A","B"
"35","4","20","A","A","B","B","A","A","A","A","-","A","A","A","A","A","A","B","B","A","A","A","B","B","B","B","B","B","A","A","A","A","A","A","A","A","A","A","A","A","A","A","A","A","A","A","A","B","B","A","B","A","B","A","A","A","A","A","B","B","B","B","B","-","A","B","A","A","A","A","A","A","B","B","A","B","B","B","B","A","A","-","B","A","B","A","A","A","A","A","B","B","B","A","A","A","A","A","A","A","A","A"
"54","5","7","A","A","B","A","A","A","A","A","B","A","A","A","A","A","B","B","B","-","A","-","A","-","A","B","A","A","B","B","A","A","A","A","A","A","B","B","A","A","B","B","A","A","A","A","A","A","A","B","B","B","B","B","-","A","A","B","A","A","A","B","B","A","A","B","B","A","A","A","A","A","A","A","A","A","B","B","B","A","B","-","B","B","B","B","A","A","A","A","A","A","B","A","B","B","B","B","B","A","A","B"
"54","3","32","A","A","A","A","A","A","A","A","A","A","A","A","-","-","B","B","B","A","A","B","A","A","A","A","B","A","A","A","A","A","A","B","B","B","B","B","B","B","B","A","A","A","A","A","-","B","A","B","B","A","A","A","B","B","A","A","A","A","A","B","B","A","A","A","A","B","B","A","B","B","B","B","B","B","A","A","A","B","B","A","A","A","B","A","A","A","A","A","B","A","B","B","A","A","A","A","A","A","A","A"
"71","3","16","A","A","-","-","A","A","A","A","A","A","B","B","B","B","-","B","-","A","B","-","B","B","B","B","A","A","A","A","A","A","A","A","B","B","B","B","B","B","B","-","A","A","-","B","B","A","B","B","-","B","B","B","B","A","A","B","A","A","A","A","A","B","B","A","A","A","A","A","A","A","A","A","B","A","A","-","B","A","A","-","-","B","B","A","A","A","A","B","-","-","B","A","A","-","B","B","B","B","B","A"
"64","2","5","B","A","A","A","A","B","A","B","B","B","A","A","B","B","B","B","-","B","B","-","A","B","B","B","B","B","B","B","B","B","B","B","-","A","A","A","B","B","A","A","B","B","-","A","B","B","B","A","A","A","A","A","A","B","B","A","B","B","B","B","B","B","B","A","A","A","A","B","B","B","A","A","A","B","A","A","A","B","A","-","B","A","B","A","A","A","A","A","-","-","B","A","B","B","B","A","A","A","A","A"
"69","4","6","A","A","A","A","A","A","A","B","B","B","B","B","-","A","A","-","B","A","A","A","A","A","A","B","A","A","B","B","B","B","B","B","-","B","B","B","B","B","-","B","A","A","B","B","-","A","B","B","-","B","B","A","B","A","A","A","B","B","B","B","B","B","B","A","A","A","A","A","A","A","A","-","A","A","A","A","A","A","A","-","-","B","A","B","-","B","B","B","B","B","B","A","A","A","A","A","A","A","A","B"
"56","5","22","A","A","A","A","A","A","A","A","A","A","A","A","B","B","B","B","-","A","A","-","A","A","A","A","B","B","B","B","A","A","A","A","B","B","A","B","B","B","-","A","A","A","-","B","B","B","A","A","A","B","B","B","A","B","B","B","B","B","B","B","B","B","B","A","A","A","A","A","A","A","A","A","A","B","B","B","A","B","B","-","B","B","B","B","A","B","A","-","-","-","A","A","A","B","B","B","B","B","B","B"
"57","2","7","B","B","B","-","A","B","B","B","A","A","A","A","-","-","B","A","B","B","B","A","B","B","B","A","A","A","B","B","B","B","B","A","A","A","A","B","A","A","B","B","A","A","A","A","A","B","A","B","B","B","B","B","A","B","A","-","A","A","A","B","B","B","B","B","B","B","A","B","B","B","B","B","B","B","A","A","A","A","B","B","B","B","A","A","A","A","-","B","B","B","B","B","B","B","B","B","B","B","B","B"
"74","4","10","B","B","B","B","B","-","A","A","A","A","A","A","A","A","B","B","B","B","B","A","A","A","A","A","B","B","A","A","B","A","A","A","B","A","A","B","A","A","-","B","A","A","B","B","B","A","A","B","B","B","B","B","B","A","A","B","A","B","A","B","B","B","B","A","A","B","B","A","A","A","A","A","A","A","A","A","A","B","B","-","B","B","B","A","A","B","B","B","B","B","B","B","A","A","A","A","A","A","A","A"
"70","6","10","A","A","B","A","A","A","-","B","-","B","B","B","A","A","A","A","A","B","A","A","A","A","A","A","A","A","B","B","B","A","A","A","-","B","B","A","A","A","A","B","A","A","-","B","B","B","B","B","B","A","A","A","A","-","B","B","B","B","B","B","B","B","B","A","A","A","A","A","A","A","B","B","-","A","B","B","A","B","A","A","A","A","A","A","A","A","A","A","A","B","B","A","-","B","B","B","B","B","B","B"
"43","2","34","-","B","B","A","A","A","A","B","B","B","-","B","A","B","B","B","B","B","A","B","A","A","A","A","A","A","B","B","B","B","B","B","A","B","A","-","A","A","A","B","B","B","B","A","A","A","B","B","A","-","A","A","-","B","A","B","A","A","A","A","A","B","B","A","A","B","B","B","A","A","A","A","A","A","B","B","-","A","A","A","A","B","B","A","A","B","B","B","B","B","B","A","B","B","B","B","B","B","B","A"
"39","6","10","-","A","A","A","-","A","-","A","-","A","-","-","B","A","A","B","A","-","A","B","A","A","-","-","B","-","B","B","B","B","B","-","-","-","A","-","A","A","-","-","A","-","A","B","B","-","-","-","A","-","B","B","B","A","A","B","B","B","-","-","-","-","-","B","-","B","B","A","A","A","A","-","-","A","A","A","A","-","A","B","B","B","A","B","B","B","B","-","A","-","A","B","B","B","-","B","B","B","-","-"
"57","4","23","B","B","B","A","A","A","A","B","A","A","A","A","-","B","B","A","A","B","B","B","B","B","B","B","B","B","B","B","B","B","B","A","B","B","-","-","A","A","A","B","B","B","A","A","A","A","B","B","B","B","B","B","B","A","A","B","B","B","B","B","B","B","B","B","B","B","B","B","B","B","B","B","B","B","A","A","A","B","B","B","B","B","A","A","B","B","B","B","B","A","B","B","A","B","B","A","A","A","A","B"
"62","4","5","B","B","-","B","B","A","A","-","A","A","B","-","B","-","A","B","B","B","B","B","A","A","A","B","B","B","B","-","B","A","A","-","A","B","B","A","A","A","B","B","B","B","B","A","B","A","A","A","B","B","B","B","A","-","A","B","B","B","B","A","A","B","B","B","B","B","B","B","B","A","A","A","A","B","B","-","B","B","A","A","B","A","A","A","A","A","A","A","A","A","A","A","A","A","A","A","A","A","A","B"
"61","3","16","B","B","A","B","B","A","A","A","A","A","A","A","B","-","B","B","A","A","B","B","B","B","B","B","B","B","A","A","B","A","A","B","B","B","B","B","B","B","A","B","B","B","A","A","A","A","B","A","B","A","A","A","A","B","-","B","B","B","B","A","A","B","B","B","B","B","B","B","B","B","B","A","A","A","B","B","B","A","A","-","B","B","A","A","B","B","B","A","A","B","B","B","A","B","B","B","B","B","B","B"
"41",NA,NA,"B","B","B","A","A","A","A","A","A","A","A","A","A","A","B","B","B","B","A","A","A","A","A","A","B","B","B","B","B","B","B","A","A","A","A","A","A","A","-","A","A","A","A","A","A","B","B","A","A","A","A","A","B","-","A","B","A","A","A","A","B","-","B","A","A","A","A","A","A","A","A","A","A","A","B","B","A","A","B","B","B","B","B","A","A","B","B","A","B","A","A","B","B","A","A","A","A","A","-","A"
"30","0","0","B","B","A","B","B","A","A","A","A","A","A","A","B","-","B","B","A","A","B","B","B","B","B","B","B","B","A","A","B","A","A","B","B","B","B","B","B","B","A","B","B","B","A","A","A","A","B","A","B","A","A","A","A","B","-","B","B","B","B","A","A","B","B","B","B","B","B","B","B","B","B","A","A","A","B","B","B","A","A","-","B","B","A","A","B","B","B","A","A","B","B","B","A","B","B","B","B","B","B","B"
"45","4","20","A","A","B","A","A","A","A","A","B","A","A","A","A","A","B","B","B","-","A","-","A","-","A","B","A","A","B","B","A","A","A","A","A","A","B","B","A","A","B","B","A","A","A","A","A","A","A","B","B","B","B","B","-","A","A","B","A","A","A","B","B","A","A","B","B","A","A","A","A","A","A","A","A","A","B","B","B","A","B","-","B","B","B","B","A","A","A","A","A","A","B","A","B","B","B","B","B","A","A","B"
"59",NA,NA,"B","B","-","B","B","-","-","A","A","A","A","A","A","-","B","B","A","B","B","A","A","A","A","A","A","A","A","-","A","B","B","B","B","B","B","-","A","A","A","A","B","B","B","B","B","B","B","A","A","A","A","A","B","A","A","B","B","B","B","A","A","A","A","A","A","A","A","A","A","A","A","A","A","A","A","A","A","B","B","B","-","B","A","B","A","B","B","B","B","A","B","B","B","B","B","B","B","B","-","B"
"70","3","3","-","B","B","A","A","B","B","B","B","B","B","B","B","B","B","B","B","B","B","B","A","A","A","A","B","B","A","A","A","A","A","A","A","A","-","-","A","A","A","B","A","B","A","A","A","A","-","A","A","A","A","A","B","-","-","-","B","B","B","A","A","A","B","A","A","A","B","A","B","B","A","A","A","A","-","-","B","B","B","B","B","B","B","B","A","A","A","A","A","B","B","-","A","B","B","B","B","B","B","B"
"62","5","8","B","B","-","B","B","A","A","-","A","A","B","-","B","-","A","B","B","B","B","B","A","A","A","B","B","B","B","-","B","A","A","-","A","B","B","A","A","A","B","B","B","B","B","A","B","A","A","A","B","B","B","B","A","-","A","B","B","B","B","A","A","B","B","B","B","B","B","B","B","A","A","A","A","B","B","-","B","B","A","A","B","A","A","A","A","A","A","A","A","A","A","A","A","A","A","A","A","A","A","B"
"53","1","35","B","B","B","-","A","B","B","B","A","A","A","A","-","-","B","A","B","B","B","A","B","B","B","A","A","A","B","B","B","B","B","A","A","A","A","B","A","A","B","B","A","A","A","A","A","B","A","B","B","B","B","B","A","B","A","-","A","A","A","B","B","B","B","B","B","B","A","B","B","B","B","B","B","B","A","A","A","A","B","B","B","B","A","A","A","A","-","B","B","B","B","B","B","B","B","B","B","B","B","B"
"49","1","6","A","A","A","A","A","A","A","A","A","A","A","A","A","A","B","A","-","B","B","-","B","B","B","-","B","A","B","B","B","B","B","B","B","B","-","B","B","B","B","B","A","A","-","A","A","A","A","B","B","B","B","B","A","B","-","B","A","A","A","A","A","B","B","A","A","A","A","A","A","A","A","A","A","-","B","B","A","B","B","-","B","B","A","A","B","B","A","-","-","-","B","A","B","B","B","B","B","B","B","B"
"42","4","12","-","A","-","-","-","B","B","-","-","A","-","A","-","-","B","-","B","-","B","A","B","A","-","-","A","-","B","-","B","A","A","-","-","-","A","-","A","A","-","B","B","-","B","B","B","-","-","-","A","-","B","B","A","A","A","B","A","A","-","-","-","-","-","-","-","B","B","B","B","B","-","-","-","A","A","A","A","-","A","-","B","B","A","B","A","A","B","-","B","B","B","B","A","A","-","A","A","A","-","-"
"53","3","20","B","B","B","-","A","B","B","B","A","A","A","A","-","-","B","A","B","B","B","A","B","B","B","A","A","A","B","B","B","B","B","A","A","A","A","B","A","A","B","B","A","A","A","A","A","B","A","B","B","B","B","B","A","B","A","-","A","A","A","B","B","B","B","B","B","B","A","B","B","B","B","B","B","B","A","A","A","A","B","B","B","B","A","A","A","A","-","B","B","B","B","B","B","B","B","B","B","B","B","B"
"46","3","26","A","A","A","A","A","A","A","A","A","A","A","A","B","B","B","B","-","A","A","-","A","A","A","A","B","B","B","B","A","A","A","A","B","B","A","B","B","B","-","A","A","A","-","B","B","B","A","A","A","B","B","B","A","B","B","B","B","B","B","B","B","B","B","A","A","A","A","A","A","A","A","A","A","B","B","B","A","B","B","-","B","B","B","B","A","B","A","-","-","-","A","A","A","B","B","B","B","B","B","B"
"60","4","6","A","A","B","B","A","A","A","A","A","A","A","A","-","-","A","B","A","-","B","A","A","B","B","A","B","B","B","B","B","B","B","B","-","B","-","A","A","A","A","A","A","A","A","A","A","B","A","B","B","B","B","B","B","B","A","B","B","B","B","B","B","A","A","B","B","B","B","B","A","-","A","A","B","B","A","A","B","B","B","A","A","B","B","A","A","A","A","A","A","A","B","A","A","A","A","A","A","A","A","A"
"27",NA,NA,"B","B","A","B","A","B","B","B","B","B","A","-","A","B","B","B","B","B","B","B","A","A","A","B","B","B","B","B","B","B","B","B","A","A","A","B","B","B","B","B","A","A","A","A","A","A","B","A","A","A","A","A","B","B","B","A","B","B","B","B","B","B","B","B","B","A","A","A","A","A","-","-","A","A","B","B","A","B","A","B","B","A","B","A","A","A","A","A","A","A","B","A","A","A","A","B","B","B","B","B"
"60","4","10","A","A","A","A","A","A","B","B","B","B","B","B","A","B","B","B","B","-","B","B","B","B","B","B","B","B","A","A","A","A","A","A","A","A","B","A","A","A","A","B","A","A","A","A","A","A","B","A","A","A","A","A","A","-","B","B","A","A","A","B","B","B","B","B","B","B","A","A","A","A","A","A","B","A","B","B","B","B","B","B","B","B","B","B","B","B","B","B","B","A","B","A","A","B","B","B","B","B","B","B"
"68","4","9","A","A","A","A","A","B","-","B","B","B","B","B","B","A","A","A","A","A","A","B","B","B","A","B","A","A","B","B","B","B","B","A","A","B","B","A","A","A","A","A","A","A","-","B","B","B","-","B","B","B","B","A","A","A","B","A","B","B","B","B","B","A","A","A","A","A","A","A","A","A","A","A","A","A","B","B","B","A","A","A","A","B","B","A","B","B","B","B","B","B","B","A","B","A","A","B","B","B","B","B"
"76","6","20","A","A","B","B","A","A","A","A","A","A","A","A","-","-","A","B","A","-","B","A","A","B","B","A","B","B","B","B","B","B","B","B","-","B","-","A","A","A","A","A","A","A","A","A","A","B","A","B","B","B","B","B","B","B","A","B","B","B","B","B","B","A","A","B","B","B","B","B","A","-","A","A","B","B","A","A","B","B","B","A","A","B","B","A","A","A","A","A","A","A","B","A","A","A","A","A","A","A","A","A"
"67","4","8","A","B","B","B","B","A","A","B","B","B","B","A","A","B","B","B","B","B","B","B","A","A","-","A","A","A","B","B","B","B","B","A","A","B","B","A","A","A","A","A","B","B","A","-","B","B","B","B","B","B","B","B","B","-","A","B","A","A","A","A","A","B","B","B","B","A","B","B","B","B","B","B","-","A","B","B","B","A","A","B","B","B","A","A","A","A","A","A","A","B","B","A","A","A","A","A","A","A","A","A"
"75","4","6","A","A","A","A","A","B","-","B","B","B","B","B","B","A","A","A","A","A","A","B","B","B","A","B","A","A","B","B","B","B","B","A","A","B","B","A","A","A","A","A","A","A","-","B","B","B","-","B","B","B","B","A","A","A","B","A","B","B","B","B","B","A","A","A","A","A","A","A","A","A","A","A","A","A","B","B","B","A","A","A","A","B","B","A","B","B","B","B","B","B","B","A","B","A","A","B","B","B","B","B"
"59","4","37","B","B","B","-","A","B","B","B","A","A","A","A","-","-","B","A","B","B","B","A","B","B","B","A","A","A","B","B","B","B","B","A","A","A","A","B","A","A","B","B","A","A","A","A","A","B","A","B","B","B","B","B","A","B","A","-","A","A","A","B","B","B","B","B","B","B","A","B","B","B","B","B","B","B","A","A","A","A","B","B","B","B","A","A","A","A","-","B","B","B","B","B","B","B","B","B","B","B","B","B"
"59","3","26","B","B","A","A","B","B","B","B","B","B","A","A","B","B","B","B","A","B","A","A","A","A","B","B","B","B","A","-","B","-","A","B","A","B","B","B","B","B","A","B","B","B","B","B","A","A","B","A","A","A","A","A","A","B","B","A","B","B","B","A","A","B","B","-","A","A","A","A","A","A","B","B","B","B","B","B","B","A","A","A","A","A","A","B","B","A","A","A","A","A","A","B","A","B","B","A","A","A","A","A"
"74","4","23","B","B","A","A","B","B","B","B","B","B","A","A","B","B","B","B","A","B","A","A","A","A","B","B","B","B","A","-","B","-","A","B","A","B","B","B","B","B","A","B","B","B","B","B","A","A","B","A","A","A","A","A","A","B","B","A","B","B","B","A","A","B","B","-","A","A","A","A","A","A","B","B","B","B","B","B","B","A","A","A","A","A","A","B","B","A","A","A","A","A","A","B","A","B","B","A","A","A","A","A"
"58","4","21","A","A","B","B","A","A","A","A","A","A","A","A","-","-","A","B","A","-","B","A","A","B","B","A","B","B","B","B","B","B","B","B","-","B","-","A","A","A","A","A","A","A","A","A","A","B","A","B","B","B","B","B","B","B","A","B","B","B","B","B","B","A","A","B","B","B","B","B","A","-","A","A","B","B","A","A","B","B","B","A","A","B","B","A","A","A","A","A","A","A","B","A","A","A","A","A","A","A","A","A"
"74","4","19","A","A","B","B","A","A","A","A","A","A","A","A","-","-","A","B","A","-","B","A","A","B","B","A","B","B","B","B","B","B","B","B","-","B","-","A","A","A","A","A","A","A","A","A","A","B","A","B","B","B","B","B","B","B","A","B","B","B","B","B","B","A","A","B","B","B","B","B","A","-","A","A","B","B","A","A","B","B","B","A","A","B","B","A","A","A","A","A","A","A","B","A","A","A","A","A","A","A","A","A"
"70","4","12","A","A","A","A","A","B","B","A","A","A","A","B","A","B","B","B","B","B","A","A","A","A","A","A","B","A","B","A","A","A","A","A","A","B","B","B","B","B","B","A","A","A","A","A","A","B","B","B","B","B","B","B","B","A","A","B","B","B","B","B","B","-","B","A","A","B","B","B","B","B","B","B","B","A","B","B","B","B","B","B","B","A","B","A","A","A","A","A","A","B","A","B","A","A","A","A","A","B","B","B"
"70","6","12","-","-","A","B","-","B","A","A","-","B","-","A","A","B","A","A","A","-","B","A","B","B","-","-","A","-","A","A","A","A","A","-","-","-","-","-","B","A","-","B","A","-","B","B","A","-","-","-","A","-","B","B","B","B","-","B","A","A","-","-","-","-","-","A","-","-","A","A","A","A","A","A","-","A","B","B","A","-","A","A","-","B","B","B","B","B","B","-","A","-","B","B","A","B","-","B","B","B","-","-"
"75","5","10","B","B","-","B","B","A","A","-","A","A","B","-","B","-","A","B","B","B","B","B","A","A","A","B","B","B","B","-","B","A","A","-","A","B","B","A","A","A","B","B","B","B","B","A","B","A","A","A","B","B","B","B","A","-","A","B","B","B","B","A","A","B","B","B","B","B","B","B","B","A","A","A","A","B","B","-","B","B","A","A","B","A","A","A","A","A","A","A","A","A","A","A","A","A","A","A","A","A","A","B"
"79","6","8","A","A","B","B","A","A","A","A","A","A","A","A","-","-","A","B","A","-","B","A","A","B","B","A","B","B","B","B","B","B","B","B","-","B","-","A","A","A","A","A","A","A","A","A","A","B","A","B","B","B","B","B","B","B","A","B","B","B","B","B","B","A","A","B","B","B","B","B","A","-","A","A","B","B","A","A","B","B","B","A","A","B","B","A","A","A","A","A","A","A","B","A","A","A","A","A","A","A","A","A"
"40","5","3","A","A","B","A","A","A","A","A","B","A","A","A","A","A","B","B","B","-","A","-","A","-","A","B","A","A","B","B","A","A","A","A","A","A","B","B","A","A","B","B","A","A","A","A","A","A","A","B","B","B","B","B","-","A","A","B","A","A","A","B","B","A","A","B","B","A","A","A","A","A","A","A","A","A","B","B","B","A","B","-","B","B","B","B","A","A","A","A","A","A","B","A","B","B","B","B","B","A","A","B"
"64","6","11","A","A","B","-","A","A","-","-","A","A","A","-","A","B","-","A","B","B","A","B","B","B","B","B","B","B","A","-","A","A","A","A","B","B","B","-","B","A","A","A","A","A","A","-","-","B","B","B","B","A","A","A","B","-","-","B","B","B","B","A","B","A","B","A","A","A","A","B","A","B","A","-","B","A","B","A","A","B","B","B","B","B","B","B","B","B","A","B","B","B","B","A","A","A","A","A","A","A","A","B"
"65","4","5","A","A","B","A","A","A","B","B","A","A","A","A","A","B","-","B","-","B","A","-","B","B","B","B","B","B","B","B","B","B","B","B","A","A","A","A","A","A","A","A","A","A","-","B","B","B","B","A","A","B","A","A","B","B","A","B","A","A","A","A","A","B","A","B","B","B","B","B","A","A","A","A","B","B","A","-","A","B","A","-","B","B","A","A","A","B","B","A","-","-","A","-","B","B","B","B","B","B","B","B"
"79","4","10","B","B","A","B","B","A","B","B","B","B","B","B","B","B","B","B","-","B","A","-","B","A","A","A","B","B","A","A","A","B","B","B","A","A","A","B","B","B","-","B","A","A","-","A","A","B","B","A","A","B","A","-","B","B","A","B","A","A","A","A","A","B","A","B","B","B","A","A","A","A","B","B","B","B","B","B","A","B","B","-","B","B","B","A","B","A","A","A","-","-","B","A","A","B","B","A","A","A","A","A"
"69","6","8","B","B","-","B","B","-","-","A","A","A","A","A","A","-","B","B","A","B","B","A","A","A","A","A","A","A","A","-","A","B","B","B","B","B","B","-","A","A","A","A","B","B","B","B","B","B","B","A","A","A","A","A","B","A","A","B","B","B","B","A","A","A","A","A","A","A","A","A","A","A","A","A","A","A","A","A","A","B","B","B","-","B","A","B","A","B","B","B","B","A","B","B","B","B","B","B","B","B","-","B"
"30",NA,NA,"B","B","-","B","B","-","-","A","A","A","A","A","A","-","B","B","A","B","B","A","A","A","A","A","A","A","A","-","A","B","B","B","B","B","B","-","A","A","A","A","B","B","B","B","B","B","B","A","A","A","A","A","B","A","A","B","B","B","B","A","A","A","A","A","A","A","A","A","A","A","A","A","A","A","A","A","A","B","B","B","-","B","A","B","A","B","B","B","B","A","B","B","B","B","B","B","B","B","-","B"
"66","3","9","A","A","B","A","A","A","B","B","A","A","A","A","A","B","-","B","-","B","A","-","B","B","B","B","B","B","B","B","B","B","B","B","A","A","A","A","A","A","A","A","A","A","-","B","B","B","B","A","A","B","A","A","B","B","A","B","A","A","A","A","A","B","A","B","B","B","B","B","A","A","A","A","B","B","A","-","A","B","A","-","B","B","A","A","A","B","B","A","-","-","A","-","B","B","B","B","B","B","B","B"
"56","5","7","B","B","-","B","B","-","-","A","A","A","A","A","A","-","B","B","A","B","B","A","A","A","A","A","A","A","A","-","A","B","B","B","B","B","B","-","A","A","A","A","B","B","B","B","B","B","B","A","A","A","A","A","B","A","A","B","B","B","B","A","A","A","A","A","A","A","A","A","A","A","A","A","A","A","A","A","A","B","B","B","-","B","A","B","A","B","B","B","B","A","B","B","B","B","B","B","B","B","-","B"
"81","10","29","A","A","A","A","A","A","A","A","A","A","A","A","-","-","B","B","B","A","A","B","A","A","A","A","B","A","A","A","A","A","A","B","B","B","B","B","B","B","B","A","A","A","A","A","-","B","A","B","B","A","A","A","B","B","A","A","A","A","A","B","B","A","A","A","A","B","B","A","B","B","B","B","B","B","A","A","A","B","B","A","A","A","B","A","A","A","A","A","B","A","B","B","A","A","A","A","A","A","A","A"
"61","4","13","A","A","-","-","A","A","A","A","A","A","B","B","B","B","-","B","-","A","B","-","B","B","B","B","A","A","A","A","A","A","A","A","B","B","B","B","B","B","B","-","A","A","-","B","B","A","B","B","-","B","B","B","B","A","A","B","A","A","A","A","A","B","B","A","A","A","A","A","A","A","A","A","B","A","A","-","B","A","A","-","-","B","B","A","A","A","A","B","-","-","B","A","A","-","B","B","B","B","B","A"
"72","4","5","A","A","A","A","A","A","A","B","B","B","B","B","-","A","A","-","B","A","A","A","A","A","A","B","A","A","B","B","B","B","B","B","-","B","B","B","B","B","-","B","A","A","B","B","-","A","B","B","-","B","B","A","B","A","A","A","B","B","B","B","B","B","B","A","A","A","A","A","A","A","A","-","A","A","A","A","A","A","A","-","-","B","A","B","-","B","B","B","B","B","B","A","A","A","A","A","A","A","A","B"
"64","4","27","A","A","A","A","A","A","B","B","A","A","B","B","A","B","A","B","-","B","A","-","A","A","B","B","A","A","A","A","A","A","A","A","A","A","A","A","A","A","A","B","A","A","-","A","A","B","B","A","A","A","A","A","A","B","B","B","B","B","B","B","B","A","A","B","B","B","B","A","A","A","A","B","B","B","A","A","A","B","B","-","A","B","A","B","B","A","B","B","-","-","A","A","A","A","A","A","A","A","A","B"
"61","6","33","A","A","B","A","A","A","-","B","-","B","B","B","A","A","A","A","A","B","A","A","A","A","A","A","A","A","B","B","B","A","A","A","-","B","B","A","A","A","A","B","A","A","-","B","B","B","B","B","B","A","A","A","A","-","B","B","B","B","B","B","B","B","B","A","A","A","A","A","A","A","B","B","-","A","B","B","A","B","A","A","A","A","A","A","A","A","A","A","A","B","B","A","-","B","B","B","B","B","B","B"
"58","2","6","A","B","A","B","B","A","B","A","A","A","A","A","A","A","A","A","A","-","A","A","A","A","A","A","B","B","A","A","B","B","B","B","B","B","A","B","B","B","B","A","A","-","B","B","A","A","A","B","B","B","B","B","A","A","B","B","A","A","B","A","A","A","A","A","A","A","A","B","A","A","A","A","A","B","B","B","B","A","A","A","A","B","B","B","A","B","B","B","B","A","B","B","A","B","B","B","B","B","B","B"
"74","1","17","A","B","B","A","A","B","A","B","A","A","A","A","-","A","-","B","-","B","B","-","A","A","B","B","B","B","B","B","B","A","B","B","A","B","-","A","A","A","A","-","B","B","-","A","A","A","B","B","-","B","B","B","-","B","B","A","A","A","A","B","B","A","A","A","B","B","A","A","A","-","B","B","A","A","A","-","B","A","A","B","A","A","A","B","A","A","A","A","-","-","B","A","-","B","B","B","B","B","B","A"
"46","4","16","B","B","-","B","A","B","B","A","A","A","A","A","B","B","A","A","B","-","B","B","A","A","A","A","B","B","A","B","A","A","A","A","B","B","-","A","A","A","A","B","B","B","A","A","B","B","A","A","A","B","B","B","A","A","A","B","A","A","A","B","B","A","A","B","A","A","B","A","A","A","B","B","B","B","A","A","B","A","B","A","A","A","B","A","A","A","B","A","A","A","B","B","A","A","A","A","A","A","A","A"
"55","3","16","A","-","B","B","A","B","B","B","A","A","A","-","A","-","B","B","-","B","A","-","A","A","A","A","B","B","A","A","B","B","B","B","-","B","B","B","B","B","B","A","A","-","A","B","A","B","-","-","A","-","A","A","A","A","B","B","A","A","-","B","B","A","A","A","A","A","A","A","B","B","B","B","B","B","B","B","B","B","B","B","B","B","B","A","A","A","A","-","-","-","B","-","A","A","A","A","A","A","A","A"
"73","2","5","-","B","B","A","A","B","B","B","B","B","B","B","B","B","B","B","B","B","B","B","A","A","A","A","B","B","A","A","A","A","A","A","A","A","-","-","A","A","A","B","A","B","A","A","A","A","-","A","A","A","A","A","B","-","-","-","B","B","B","A","A","A","B","A","A","A","B","A","B","B","A","A","A","A","-","-","B","B","B","B","B","B","B","B","A","A","A","A","A","B","B","-","A","B","B","B","B","B","B","B"
"66","6","15","B","B","A","B","B","A","A","A","A","A","A","A","B","-","B","B","A","A","B","B","B","B","B","B","B","B","A","A","B","A","A","B","B","B","B","B","B","B","A","B","B","B","A","A","A","A","B","A","B","A","A","A","A","B","-","B","B","B","B","A","A","B","B","B","B","B","B","B","B","B","B","A","A","A","B","B","B","A","A","-","B","B","A","A","B","B","B","A","A","B","B","B","A","B","B","B","B","B","B","B"
"49","4","3","A","A","B","B","A","A","A","A","A","A","A","A","-","-","A","B","A","-","B","A","A","B","B","A","B","B","B","B","B","B","B","B","-","B","-","A","A","A","A","A","A","A","A","A","A","B","A","B","B","B","B","B","B","B","A","B","B","B","B","B","B","A","A","B","B","B","B","B","A","-","A","A","B","B","A","A","B","B","B","A","A","B","B","A","A","A","A","A","A","A","B","A","A","A","A","A","A","A","A","A"
"71","4","8","B","A","B","B","A","A","A","A","A","A","A","A","A","A","A","-","B","A","B","B","B","B","A","A","B","B","B","B","B","B","B","B","A","B","B","A","A","A","A","B","B","B","A","-","A","A","B","B","B","A","A","B","B","B","B","B","A","A","A","B","B","A","A","-","A","-","A","A","B","B","B","B","A","A","B","B","A","B","B","-","B","B","B","B","A","A","A","B","B","A","A","B","B","A","A","A","A","A","A","A"
"72","3","20","B","B","B","B","B","-","A","A","A","A","A","A","A","A","B","B","B","B","B","A","A","A","A","A","B","B","A","A","B","A","A","A","B","A","A","B","A","A","-","B","A","A","B","B","B","A","A","B","B","B","B","B","B","A","A","B","A","B","A","B","B","B","B","A","A","B","B","A","A","A","A","A","A","A","A","A","A","B","B","-","B","B","B","A","A","B","B","B","B","B","B","B","A","A","A","A","A","A","A","A"
"56","4","10","B","A","B","A","A","A","A","A","A","B","A","A","A","A","B","A","-","B","B","-","B","B","B","B","A","A","A","B","B","A","A","A","A","B","B","A","A","A","A","B","B","B","-","A","A","A","B","B","B","A","A","A","A","B","A","A","B","B","B","B","B","A","A","A","A","A","A","B","B","-","A","A","A","B","B","B","B","A","A","-","A","B","B","B","A","A","A","A","-","-","A","A","B","B","B","B","B","B","B","A"
"74","5","10","A","A","A","A","A","A","A","B","B","B","B","B","-","A","A","-","B","A","A","A","A","A","A","B","A","A","B","B","B","B","B","B","-","B","B","B","B","B","-","B","A","A","B","B","-","A","B","B","-","B","B","A","B","A","A","A","B","B","B","B","B","B","B","A","A","A","A","A","A","A","A","-","A","A","A","A","A","A","A","-","-","B","A","B","-","B","B","B","B","B","B","A","A","A","A","A","A","A","A","B"
"59","4","10","A","A","B","A","A","A","B","B","A","A","A","A","A","B","-","B","-","B","A","-","B","B","B","B","B","B","B","B","B","B","B","B","A","A","A","A","A","A","A","A","A","A","-","B","B","B","B","A","A","B","A","A","B","B","A","B","A","A","A","A","A","B","A","B","B","B","B","B","A","A","A","A","B","B","A","-","A","B","A","-","B","B","A","A","A","B","B","A","-","-","A","-","B","B","B","B","B","B","B","B"
"67","6","39","-","A","B","B","A","A","A","A","A","A","A","A","B","A","A","A","-","B","A","-","B","B","B","B","B","-","B","B","B","B","B","B","B","B","B","B","A","A","-","B","A","A","A","A","A","B","B","A","A","A","A","B","A","A","B","B","B","B","B","-","B","A","A","B","B","A","A","A","A","A","-","A","A","A","B","B","-","-","B","-","-","B","B","B","A","A","B","A","-","-","B","B","A","A","A","A","A","A","A","A"
"49","5","12","-","A","A","A","-","A","-","A","-","A","-","-","B","A","A","B","A","-","A","B","A","A","-","-","B","-","B","B","B","B","B","-","-","-","A","-","A","A","-","-","A","-","A","B","B","-","-","-","A","-","B","B","B","A","A","B","B","B","-","-","-","-","-","B","-","B","B","A","A","A","A","-","-","A","A","A","A","-","A","B","B","B","A","B","B","B","B","-","A","-","A","B","B","B","-","B","B","B","-","-"
"60","2","21","A","B","A","B","B","A","B","A","A","A","A","A","A","A","A","A","A","-","A","A","A","A","A","A","B","B","A","A","B","B","B","B","B","B","A","B","B","B","B","A","A","-","B","B","A","A","A","B","B","B","B","B","A","A","B","B","A","A","B","A","A","A","A","A","A","A","A","B","A","A","A","A","A","B","B","B","B","A","A","A","A","B","B","B","A","B","B","B","B","A","B","B","A","B","B","B","B","B","B","B"
"72","6","21","B","B","A","B","B","A","A","A","A","A","A","A","B","-","B","B","A","A","B","B","B","B","B","B","B","B","A","A","B","A","A","B","B","B","B","B","B","B","A","B","B","B","A","A","A","A","B","A","B","A","A","A","A","B","-","B","B","B","B","A","A","B","B","B","B","B","B","B","B","B","B","A","A","A","B","B","B","A","A","-","B","B","A","A","B","B","B","A","A","B","B","B","A","B","B","B","B","B","B","B"
"53","5","15","B","A","B","B","B","A","A","A","A","A","A","A","-","A","B","B","B","A","B","B","A","A","B","A","A","A","A","-","A","A","A","B","B","B","B","B","B","B","B","B","B","B","A","A","A","B","B","A","A","A","A","B","B","B","A","B","B","B","B","B","B","A","A","B","B","B","B","B","A","A","A","A","A","A","-","A","A","A","B","B","-","B","B","B","A","A","A","A","A","B","A","B","A","A","A","A","A","A","A","A"
"70","2","5","B","A","A","B","A","A","A","B","B","B","A","-","-","B","B","A","A","B","B","A","A","A","A","B","B","B","B","B","B","B","B","B","A","A","A","A","A","A","A","-","A","A","B","B","A","A","A","B","A","A","A","A","A","-","B","A","A","A","A","A","A","B","B","A","A","A","A","-","A","A","A","B","A","A","B","B","B","B","B","A","A","A","B","B","B","A","A","A","-","A","B","A","B","B","B","B","B","B","B","A"
"61","7","15","-","-","A","B","-","B","A","A","-","B","-","A","A","B","A","A","A","-","B","A","B","B","-","-","A","-","A","A","A","A","A","-","-","-","-","-","B","A","-","B","A","-","B","B","A","-","-","-","A","-","B","B","B","B","-","B","A","A","-","-","-","-","-","A","-","-","A","A","A","A","A","A","-","A","B","B","A","-","A","A","-","B","B","B","B","B","B","-","A","-","B","B","A","B","-","B","B","B","-","-"
"74","4","8","A","B","B","B","A","A","A","B","A","A","A","-","B","B","B","B","A","A","B","B","B","B","B","B","B","-","B","B","B","B","B","B","A","A","A","A","B","A","A","A","B","B","A","B","B","A","A","A","A","-","B","B","B","B","A","A","A","A","A","B","B","B","B","A","A","A","B","B","A","B","B","B","B","B","B","B","B","B","B","B","A","A","B","A","A","A","A","A","A","B","A","A","A","A","A","A","A","A","A","A"
"64","7","21","B","A","B","B","B","A","A","A","A","A","A","A","-","A","B","B","B","A","B","B","A","A","B","A","A","A","A","-","A","A","A","B","B","B","B","B","B","B","B","B","B","B","A","A","A","B","B","A","A","A","A","B","B","B","A","B","B","B","B","B","B","A","A","B","B","B","B","B","A","A","A","A","A","A","-","A","A","A","B","B","-","B","B","B","A","A","A","A","A","B","A","B","A","A","A","A","A","A","A","A"
"54","3","30","B","B","A","B","B","A","-","A","A","A","A","-","B","B","B","B","-","A","A","-","A","A","A","A","A","A","B","B","B","B","B","A","A","B","B","A","A","A","A","B","B","B","B","A","B","A","B","B","B","B","B","B","B","B","B","-","A","A","A","B","B","B","B","B","B","A","A","B","B","B","A","A","A","A","B","A","B","A","A","A","A","B","B","A","A","B","B","A","-","-","B","A","A","A","A","A","A","A","A","A"
"49","2","22","B","B","B","-","A","B","B","B","A","A","A","A","-","-","B","A","B","B","B","A","B","B","B","A","A","A","B","B","B","B","B","A","A","A","A","B","A","A","B","B","A","A","A","A","A","B","A","B","B","B","B","B","A","B","A","-","A","A","A","B","B","B","B","B","B","B","A","B","B","B","B","B","B","B","A","A","A","A","B","B","B","B","A","A","A","A","-","B","B","B","B","B","B","B","B","B","B","B","B","B"
"61","6","15","B","B","A","B","B","A","A","A","A","A","A","A","B","-","B","B","A","A","B","B","B","B","B","B","B","B","A","A","B","A","A","B","B","B","B","B","B","B","A","B","B","B","A","A","A","A","B","A","B","A","A","A","A","B","-","B","B","B","B","A","A","B","B","B","B","B","B","B","B","B","B","A","A","A","B","B","B","A","A","-","B","B","A","A","B","B","B","A","A","B","B","B","A","B","B","B","B","B","B","B"
"60","5","5","A","A","A","A","A","A","A","B","B","B","B","B","B","A","-","B","B","A","B","B","A","A","A","A","A","A","B","B","B","B","B","B","B","B","B","A","A","A","A","-","A","A","-","A","A","B","B","B","-","B","B","B","B","-","A","B","A","A","A","A","A","A","B","A","A","B","A","B","B","B","B","B","B","B","B","-","B","B","B","A","A","B","B","B","A","B","B","B","B","A","B","-","B","B","B","B","B","A","-","A"
"70","7","10","A","A","A","A","A","A","A","B","B","B","B","B","B","A","-","B","B","A","B","B","A","A","A","A","A","A","B","B","B","B","B","B","B","B","B","A","A","A","A","-","A","A","-","A","A","B","B","B","-","B","B","B","B","-","A","B","A","A","A","A","A","A","B","A","A","B","A","B","B","B","B","B","B","B","B","-","B","B","B","A","A","B","B","B","A","B","B","B","B","A","B","-","B","B","B","B","B","A","-","A"
"71","6","20","B","-","B","B","B","A","A","-","A","A","A","A","-","B","A","A","A","-","B","A","B","B","B","B","A","B","A","A","A","A","A","B","B","-","-","-","A","A","-","A","A","A","B","A","A","B","B","B","B","A","A","A","A","A","B","A","B","B","A","-","A","-","B","A","A","B","B","A","-","A","A","A","A","-","A","A","A","B","B","A","A","A","A","B","A","A","A","-","A","B","B","B","A","A","-","A","A","A","-","-"
"60","4","10","A","A","-","B","A","A","A","A","A","A","A","-","A","B","B","B","B","-","A","A","A","A","A","A","A","B","B","B","B","B","B","B","-","B","B","A","A","A","A","B","A","A","B","B","B","B","B","A","A","A","A","A","B","B","B","B","A","A","A","B","B","B","A","A","A","A","A","A","A","A","B","B","B","B","A","A","A","A","A","B","B","B","B","A","B","B","B","B","B","B","B","A","B","A","A","A","A","A","A","A"
